name,surname,email,sex,date-of-birth,job,age
Kevin,Russell,joseph43@example.com,Male,2004-01-29,Holiday representative,19
Kim,Ellis,alejandro57@example.net,Female,1976-09-06,Tourist information centre manager,47
Julie,Hardin,wagnersteven@example.com,Male,2001-04-01,Chiropodist,22
Kimberly,Carpenter,rodriguezchloe@example.org,Male,1995-11-15,Arboriculturist,28
David,Johnson,ovaldez@example.com,Male,2002-12-22,"Surveyor, quantity",20
Chris,Thornton,robert80@example.com,Male,1959-03-07,"Buyer, industrial",64
Norman,Gray,kluna@example.org,Female,1985-04-03,Veterinary surgeon,38
Ashley,Ewing,taylorgay@example.net,Female,2005-09-27,Comptroller,18
Jessica,Lee,debraholmes@example.com,Female,1983-06-29,"Horticulturist, amenity",40
Danielle,Bray,morganjohn@example.com,Male,1963-12-29,Information systems manager,59
Blake,Roberts,richardwashington@example.com,Male,1962-08-14,Curator,61
Danielle,Johnson,hallandres@example.com,Female,2001-04-20,Research scientist (maths),22
Lisa,Freeman,brooksjonathan@example.org,Male,1984-03-17,Hydrogeologist,39
Amanda,Charles,cortiz@example.org,Female,1997-01-22,Administrator,26
Thomas,Rowe,douglasdavis@example.com,Female,1977-02-02,Fish farm manager,46
Kristen,Moon,zdavis@example.net,Male,1998-11-23,Landscape architect,25
Joshua,Gomez,rmeyer@example.net,Male,1961-11-30,Artist,62
Alexander,Lam,marcusfrye@example.org,Female,1975-03-14,"Designer, textile",48
Brent,Burton,fuenteskimberly@example.com,Female,2002-09-01,Seismic interpreter,21
William,Martin,charles99@example.net,Male,1993-12-29,Museum/gallery exhibitions officer,29
Joseph,Weaver,ldalton@example.com,Female,1995-08-19,Ceramics designer,28
Edward,Thomas,bradleykeith@example.net,Female,1989-10-02,Industrial buyer,34
Karen,Newman,hfernandez@example.com,Female,1955-06-29,"Surveyor, commercial/residential",68
Jamie,Rodgers,hyoung@example.org,Female,1957-02-06,Town planner,66
Caitlin,Hansen,isaacmurphy@example.org,Female,1994-08-11,Information systems manager,29
Paul,Jackson,gutierrezmanuel@example.com,Female,1955-01-17,Surgeon,68
Jennifer,Fernandez,thompsoncharles@example.com,Female,1988-02-17,Colour technologist,35
Hayden,Stewart,ericwells@example.com,Male,1962-06-17,Lobbyist,61
Clifford,Robinson,kellydixon@example.net,Female,1964-05-05,"Accountant, chartered",59
Nicholas,Sanchez,marissaramos@example.com,Female,1976-01-06,Media buyer,47
Terry,Mendez,snyderjoshua@example.com,Female,1983-11-12,Insurance underwriter,40
Ashley,Griffin,michaelwells@example.net,Male,1970-09-10,Primary school teacher,53
Samantha,Abbott,petersenmary@example.net,Male,1987-10-09,"Nurse, learning disability",36
William,Jordan,alyssafoster@example.org,Female,1977-03-15,"Scientist, water quality",46
Jorge,Hoover,aaron55@example.net,Female,1973-08-03,Aid worker,50
Jose,Kelly,vbaldwin@example.com,Male,1978-07-16,"Physicist, medical",45
Megan,Merritt,williamsdonna@example.org,Female,1972-05-13,"Radiographer, therapeutic",51
Theresa,Stewart,greenedavid@example.org,Male,1976-02-09,Professor Emeritus,47
Bryan,Avila,torreskenneth@example.org,Female,1993-08-26,IT sales professional,30
Betty,Meyer,lgates@example.org,Female,1993-01-18,Community education officer,30
Robert,Green,maureenlewis@example.com,Female,1970-10-26,Insurance broker,53
Veronica,Keller,emorris@example.com,Female,1979-08-01,"Scientist, research (maths)",44
Candice,Ali,karengoodwin@example.org,Female,1967-04-19,"Scientist, marine",56
Carolyn,Brooks,rwheeler@example.org,Female,1966-02-03,"Presenter, broadcasting",57
Jason,Hall,josephlaura@example.org,Female,1966-10-12,"Lighting technician, broadcasting/film/video",57
Susan,Frazier,morgangibbs@example.com,Female,1977-08-23,Trading standards officer,46
Cameron,Sullivan,hjohnson@example.org,Male,1988-04-04,"Teacher, music",35
Lindsey,Burns,crystal37@example.net,Male,1986-01-21,Forensic scientist,37
Jared,Walker,lewiskristine@example.org,Male,1985-04-01,Veterinary surgeon,38
Alan,Harper,ynewton@example.org,Female,1975-10-27,Astronomer,48
Kevin,Woods,ksanchez@example.com,Female,1975-02-06,Call centre manager,48
Sarah,Vazquez,connie65@example.com,Female,1970-08-03,English as a second language teacher,53
Stephanie,Jarvis,xbutler@example.net,Male,2005-09-17,"Loss adjuster, chartered",18
Laura,Johnson,shannon96@example.com,Male,1959-07-08,Sport and exercise psychologist,64
Amber,Payne,yschwartz@example.net,Male,1973-01-25,Systems developer,50
Steven,Dalton,xjohnson@example.net,Female,1967-03-31,"Production assistant, television",56
Christy,Carey,carriegibbs@example.org,Female,1963-06-23,Ship broker,60
Anne,Carter,deanbrenda@example.com,Male,1960-09-25,Agricultural consultant,63
Donna,Moss,kenneth58@example.com,Male,1959-09-19,Mental health nurse,64
Leah,Rodriguez,robin38@example.org,Male,1990-03-19,Special educational needs teacher,33
